Model,Learning_Rate,Hidden_Size,Batch_Size,Pooling_Style,Accuracy,Inference_Time(ms)
bert,2e-05,256,32,max,0.9040867389491243,0.6006026268005371
lstm,0.001,256,32,max,0.8607172643869891,0.17340421676635742
gru,0.001,256,32,max,0.8669724770642202,0.14270305633544922
