Model,Learning_Rate,Hidden_size,acc
LSTM,0.001,256,0.8899082568807339
CNN,0.001,300,0.8707256046705588
BERT,2e-05,768,0.7789824854045038
