model_type,learning_rate,hidden_size,batch_size,kernel_size,num_layers,accurate,time_consumption
bert,5e-05,128,128,3,2,0.901815,130.26
bert,0.0001,128,128,3,2,0.900165,130.36
bert,0.0001,256,128,3,4,0.895215,129.4
lstm,0.0001,256,128,3,4,0.842409,51.38
lstm,0.001,256,128,3,4,0.85231,50.65
双向 lstm,0.001,256,128,3,4,0.858086,105.77
rnn,0.001,256,128,3,4,0.879538,19.07
gru,0.001,256,128,3,4,0.838284,46.62
cnn,0.001,256,128,3,4,0.898515,10.86
cnn,0.001,256,128,5,4,0.883663,12.95
